Feature,Meaning,Raw_Type,Semantic_Type,Structural_Absence_Rule,Missing_Value_Strategy,Encoding,Scaling,Prediction_Availability,Default_Use,Notes
Id,Record identifier for alignment,int64,identifier,None documented,must be unique and present,excluded,not scaled,target/identifier or unestablished prediction availability,exclude,Supplied dictionary meaning; preserve actual CSV names/category spellings.
MSSubClass,Identifies the type of dwelling involved in the sale.	,int64,nominal categorical,None documented,explicit Unknown category,canonical category string then one-hot,not scaled,property information assumed observable,include,Supplied dictionary meaning; preserve actual CSV names/category spellings.
MSZoning,Identifies the general zoning classification of the sale.,object,nominal categorical,None documented,explicit Unknown category,one-hot; unseen category -> all-zero block,not scaled,property information assumed observable,include,Supplied dictionary meaning; preserve actual CSV names/category spellings.
LotFrontage,Linear feet of street connected to property,object,numerical measurement,None documented,training-fold median; applicability-aware where relevant,numeric,StandardScaler only in scaled numerical/ordinal branch,property information assumed observable,include,Supplied dictionary meaning; preserve actual CSV names/category spellings.
LotArea,Lot size in square feet,int64,numerical measurement,None documented,training-fold median; applicability-aware where relevant,numeric,StandardScaler only in scaled numerical/ordinal branch,property information assumed observable,include,Supplied dictionary meaning; preserve actual CSV names/category spellings.
Street,Type of road access to property,object,nominal categorical,None documented,explicit Unknown category,one-hot; unseen category -> all-zero block,not scaled,property information assumed observable,include,Supplied dictionary meaning; preserve actual CSV names/category spellings. Member 2 dominance review; retain unless excluded by availability.
Alley,Type of alley access to property,object,nominal categorical,Literal NA -> explicit absence; genuinely blank -> Unknown,explicit Unknown category,one-hot; unseen category -> all-zero block,not scaled,property information assumed observable,include,Supplied dictionary meaning; preserve actual CSV names/category spellings.
LotShape,General shape of property,object,true ordinal,None documented,training-fold applicable median for unknowns,explicit documented rank; unknown indicator for categorical ordinals,StandardScaler only in scaled numerical/ordinal branch,property information assumed observable,include,Supplied dictionary meaning; preserve actual CSV names/category spellings. Order: Reg < IR1 < IR2 < IR3. Spacing is not equal economic value.
LandContour,Flatness of the property,object,nominal categorical,None documented,explicit Unknown category,one-hot; unseen category -> all-zero block,not scaled,property information assumed observable,include,Supplied dictionary meaning; preserve actual CSV names/category spellings.
Utilities,Type of utilities available,object,true ordinal,None documented,training-fold applicable median for unknowns,explicit documented rank; unknown indicator for categorical ordinals,StandardScaler only in scaled numerical/ordinal branch,property information assumed observable,include,Supplied dictionary meaning; preserve actual CSV names/category spellings. Order: ELO < NoSeWa < NoSewr < AllPub. Spacing is not equal economic value. Member 2 dominance review; retain unless excluded by availability.
LotConfig,Lot configuration,object,nominal categorical,None documented,explicit Unknown category,one-hot; unseen category -> all-zero block,not scaled,property information assumed observable,include,Supplied dictionary meaning; preserve actual CSV names/category spellings.
LandSlope,Slope of property,object,true ordinal,None documented,training-fold applicable median for unknowns,explicit documented rank; unknown indicator for categorical ordinals,StandardScaler only in scaled numerical/ordinal branch,property information assumed observable,include,Supplied dictionary meaning; preserve actual CSV names/category spellings. Order: Gtl < Mod < Sev. Spacing is not equal economic value.
Neighborhood,Physical locations within Ames city limits,object,nominal categorical,None documented,explicit Unknown category,one-hot; unseen category -> all-zero block,not scaled,property information assumed observable,include,Supplied dictionary meaning; preserve actual CSV names/category spellings.
Condition1,Proximity to various conditions,object,nominal categorical,None documented,explicit Unknown category,one-hot; unseen category -> all-zero block,not scaled,property information assumed observable,include,Supplied dictionary meaning; preserve actual CSV names/category spellings.
Condition2,Proximity to various conditions (if more than one is present),object,nominal categorical,None documented,explicit Unknown category,one-hot; unseen category -> all-zero block,not scaled,property information assumed observable,include,Supplied dictionary meaning; preserve actual CSV names/category spellings. Member 2 dominance review; retain unless excluded by availability.
BldgType,Type of dwelling,object,nominal categorical,None documented,explicit Unknown category,one-hot; unseen category -> all-zero block,not scaled,property information assumed observable,include,Supplied dictionary meaning; preserve actual CSV names/category spellings.
HouseStyle,Style of dwelling,object,nominal categorical,None documented,explicit Unknown category,one-hot; unseen category -> all-zero block,not scaled,property information assumed observable,include,Supplied dictionary meaning; preserve actual CSV names/category spellings.
OverallQual,Rates the overall material and finish of the house,int64,true ordinal,None documented,training-fold applicable median for unknowns,explicit documented rank; unknown indicator for categorical ordinals,StandardScaler only in scaled numerical/ordinal branch,property information assumed observable,include,Supplied dictionary meaning; preserve actual CSV names/category spellings.
OverallCond,Rates the overall condition of the house,int64,true ordinal,None documented,training-fold applicable median for unknowns,explicit documented rank; unknown indicator for categorical ordinals,StandardScaler only in scaled numerical/ordinal branch,property information assumed observable,include,Supplied dictionary meaning; preserve actual CSV names/category spellings.
YearBuilt,Original construction date,int64,year/date-related,None documented,training-fold median; applicability-aware where relevant,numeric,StandardScaler only in scaled numerical/ordinal branch,property information assumed observable,include,Supplied dictionary meaning; preserve actual CSV names/category spellings.
YearRemodAdd,Remodel date (same as construction date if no remodeling or additions),int64,year/date-related,None documented,training-fold median; applicability-aware where relevant,numeric,StandardScaler only in scaled numerical/ordinal branch,property information assumed observable,include,Supplied dictionary meaning; preserve actual CSV names/category spellings.
RoofStyle,Type of roof,object,nominal categorical,None documented,explicit Unknown category,one-hot; unseen category -> all-zero block,not scaled,property information assumed observable,include,Supplied dictionary meaning; preserve actual CSV names/category spellings.
RoofMatl,Roof material,object,nominal categorical,None documented,explicit Unknown category,one-hot; unseen category -> all-zero block,not scaled,property information assumed observable,include,Supplied dictionary meaning; preserve actual CSV names/category spellings. Member 2 dominance review; retain unless excluded by availability.
Exterior1st,Exterior covering on house,object,nominal categorical,None documented,explicit Unknown category,one-hot; unseen category -> all-zero block,not scaled,property information assumed observable,include,Supplied dictionary meaning; preserve actual CSV names/category spellings.
Exterior2nd,Exterior covering on house (if more than one material),object,nominal categorical,None documented,explicit Unknown category,one-hot; unseen category -> all-zero block,not scaled,property information assumed observable,include,Supplied dictionary meaning; preserve actual CSV names/category spellings.
MasVnrType,Masonry veneer type,object,nominal categorical,Literal None is no veneer unless contradicted by positive area; retain conflict flag,explicit Unknown category,one-hot; unseen category -> all-zero block,not scaled,property information assumed observable,include,Supplied dictionary meaning; preserve actual CSV names/category spellings.
MasVnrArea,Masonry veneer area in square feet,object,numerical measurement,Literal None is no veneer unless contradicted by positive area; retain conflict flag,training-fold median; applicability-aware where relevant,numeric,StandardScaler only in scaled numerical/ordinal branch,property information assumed observable,include,Supplied dictionary meaning; preserve actual CSV names/category spellings.
ExterQual,Evaluates the quality of the material on the exterior ,object,true ordinal,None documented,training-fold applicable median for unknowns,explicit documented rank; unknown indicator for categorical ordinals,StandardScaler only in scaled numerical/ordinal branch,property information assumed observable,include,Supplied dictionary meaning; preserve actual CSV names/category spellings. Order: Po < Fa < TA < Gd < Ex. Spacing is not equal economic value.
ExterCond,Evaluates the present condition of the material on the exterior,object,true ordinal,None documented,training-fold applicable median for unknowns,explicit documented rank; unknown indicator for categorical ordinals,StandardScaler only in scaled numerical/ordinal branch,property information assumed observable,include,Supplied dictionary meaning; preserve actual CSV names/category spellings. Order: Po < Fa < TA < Gd < Ex. Spacing is not equal economic value.
Foundation,Type of foundation,object,nominal categorical,None documented,explicit Unknown category,one-hot; unseen category -> all-zero block,not scaled,property information assumed observable,include,Supplied dictionary meaning; preserve actual CSV names/category spellings.
BsmtQual,Evaluates the height of the basement,object,true ordinal,NoBasement with zero total and no positive/descriptor evidence; quantities zero; fully unknown block uncertain,training-fold applicable median for unknowns,explicit documented rank; unknown indicator for categorical ordinals,StandardScaler only in scaled numerical/ordinal branch,property information assumed observable,include,Supplied dictionary meaning; preserve actual CSV names/category spellings. Order: Po < Fa < TA < Gd < Ex. Spacing is not equal economic value.
BsmtCond,Evaluates the general condition of the basement,object,true ordinal,NoBasement with zero total and no positive/descriptor evidence; quantities zero; fully unknown block uncertain,training-fold applicable median for unknowns,explicit documented rank; unknown indicator for categorical ordinals,StandardScaler only in scaled numerical/ordinal branch,property information assumed observable,include,Supplied dictionary meaning; preserve actual CSV names/category spellings. Order: Po < Fa < TA < Gd < Ex. Spacing is not equal economic value.
BsmtExposure,Refers to walkout or garden level walls,object,true ordinal,NoBasement with zero total and no positive/descriptor evidence; quantities zero; fully unknown block uncertain,training-fold applicable median for unknowns,explicit documented rank; unknown indicator for categorical ordinals,StandardScaler only in scaled numerical/ordinal branch,property information assumed observable,include,Supplied dictionary meaning; preserve actual CSV names/category spellings. Order: No < Mn < Av < Gd. Spacing is not equal economic value.
BsmtFinType1,Rating of basement finished area,object,nominal categorical,NoBasement with zero total and no positive/descriptor evidence; quantities zero; fully unknown block uncertain,explicit Unknown category,one-hot; unseen category -> all-zero block,not scaled,property information assumed observable,include,Supplied dictionary meaning; preserve actual CSV names/category spellings.
BsmtFinSF1,Type 1 finished square feet,int64,numerical measurement,NoBasement with zero total and no positive/descriptor evidence; quantities zero; fully unknown block uncertain,training-fold median; applicability-aware where relevant,numeric,StandardScaler only in scaled numerical/ordinal branch,property information assumed observable,include,Supplied dictionary meaning; preserve actual CSV names/category spellings.
BsmtFinType2,Rating of basement finished area (if multiple types),object,nominal categorical,NoBasement with zero total and no positive/descriptor evidence; quantities zero; fully unknown block uncertain,explicit Unknown category,one-hot; unseen category -> all-zero block,not scaled,property information assumed observable,include,Supplied dictionary meaning; preserve actual CSV names/category spellings.
BsmtFinSF2,Type 2 finished square feet,int64,numerical measurement,NoBasement with zero total and no positive/descriptor evidence; quantities zero; fully unknown block uncertain,training-fold median; applicability-aware where relevant,numeric,StandardScaler only in scaled numerical/ordinal branch,property information assumed observable,include,Supplied dictionary meaning; preserve actual CSV names/category spellings.
BsmtUnfSF,Unfinished square feet of basement area,int64,numerical measurement,NoBasement with zero total and no positive/descriptor evidence; quantities zero; fully unknown block uncertain,training-fold median; applicability-aware where relevant,numeric,StandardScaler only in scaled numerical/ordinal branch,property information assumed observable,include,Supplied dictionary meaning; preserve actual CSV names/category spellings.
TotalBsmtSF,Total square feet of basement area,int64,numerical measurement,NoBasement with zero total and no positive/descriptor evidence; quantities zero; fully unknown block uncertain,training-fold median; applicability-aware where relevant,numeric,StandardScaler only in scaled numerical/ordinal branch,property information assumed observable,include,Supplied dictionary meaning; preserve actual CSV names/category spellings.
Heating,Type of heating,object,nominal categorical,None documented,explicit Unknown category,one-hot; unseen category -> all-zero block,not scaled,property information assumed observable,include,Supplied dictionary meaning; preserve actual CSV names/category spellings. Member 2 dominance review; retain unless excluded by availability.
HeatingQC,Heating quality and condition,object,true ordinal,None documented,training-fold applicable median for unknowns,explicit documented rank; unknown indicator for categorical ordinals,StandardScaler only in scaled numerical/ordinal branch,property information assumed observable,include,Supplied dictionary meaning; preserve actual CSV names/category spellings. Order: Po < Fa < TA < Gd < Ex. Spacing is not equal economic value.
CentralAir,Central air conditioning,object,binary,None documented,unknown placeholder 0 plus flag,N=0; Y=1; unknown flag,not scaled,property information assumed observable,include,Supplied dictionary meaning; preserve actual CSV names/category spellings.
Electrical,Electrical system,object,nominal categorical,None documented,explicit Unknown category,one-hot; unseen category -> all-zero block,not scaled,property information assumed observable,include,Supplied dictionary meaning; preserve actual CSV names/category spellings.
1stFlrSF,First Floor square feet,int64,numerical measurement,None documented,training-fold median; applicability-aware where relevant,numeric,StandardScaler only in scaled numerical/ordinal branch,property information assumed observable,include,Supplied dictionary meaning; preserve actual CSV names/category spellings.
2ndFlrSF,Second floor square feet,int64,numerical measurement,None documented,training-fold median; applicability-aware where relevant,numeric,StandardScaler only in scaled numerical/ordinal branch,property information assumed observable,include,Supplied dictionary meaning; preserve actual CSV names/category spellings.
LowQualFinSF,Low quality finished square feet (all floors),int64,numerical measurement,None documented,training-fold median; applicability-aware where relevant,numeric,StandardScaler only in scaled numerical/ordinal branch,property information assumed observable,include,Supplied dictionary meaning; preserve actual CSV names/category spellings. Member 2 dominance review; retain unless excluded by availability.
GrLivArea,Above grade (ground) living area square feet,int64,numerical measurement,None documented,training-fold median; applicability-aware where relevant,numeric,StandardScaler only in scaled numerical/ordinal branch,property information assumed observable,include,Supplied dictionary meaning; preserve actual CSV names/category spellings.
BsmtFullBath,Basement full bathrooms,int64,count/capacity,NoBasement with zero total and no positive/descriptor evidence; quantities zero; fully unknown block uncertain,training-fold median; applicability-aware where relevant,numeric,StandardScaler only in scaled numerical/ordinal branch,property information assumed observable,include,Supplied dictionary meaning; preserve actual CSV names/category spellings.
BsmtHalfBath,Basement half bathrooms,int64,count/capacity,NoBasement with zero total and no positive/descriptor evidence; quantities zero; fully unknown block uncertain,training-fold median; applicability-aware where relevant,numeric,StandardScaler only in scaled numerical/ordinal branch,property information assumed observable,include,Supplied dictionary meaning; preserve actual CSV names/category spellings.
FullBath,Full bathrooms above grade,int64,count/capacity,None documented,training-fold median; applicability-aware where relevant,numeric,StandardScaler only in scaled numerical/ordinal branch,property information assumed observable,include,Supplied dictionary meaning; preserve actual CSV names/category spellings.
HalfBath,Half baths above grade,int64,count/capacity,None documented,training-fold median; applicability-aware where relevant,numeric,StandardScaler only in scaled numerical/ordinal branch,property information assumed observable,include,Supplied dictionary meaning; preserve actual CSV names/category spellings.
BedroomAbvGr,Bedrooms above grade (does NOT include basement bedrooms),int64,count/capacity,None documented,training-fold median; applicability-aware where relevant,numeric,StandardScaler only in scaled numerical/ordinal branch,property information assumed observable,include,Supplied dictionary meaning; preserve actual CSV names/category spellings.
KitchenAbvGr,Kitchens above grade,int64,count/capacity,None documented,training-fold median; applicability-aware where relevant,numeric,StandardScaler only in scaled numerical/ordinal branch,property information assumed observable,include,Supplied dictionary meaning; preserve actual CSV names/category spellings. Member 2 dominance review; retain unless excluded by availability.
KitchenQual,Kitchen quality,object,true ordinal,None documented,training-fold applicable median for unknowns,explicit documented rank; unknown indicator for categorical ordinals,StandardScaler only in scaled numerical/ordinal branch,property information assumed observable,include,Supplied dictionary meaning; preserve actual CSV names/category spellings. Order: Po < Fa < TA < Gd < Ex. Spacing is not equal economic value.
TotRmsAbvGrd,Total rooms above grade (does not include bathrooms),int64,count/capacity,None documented,training-fold median; applicability-aware where relevant,numeric,StandardScaler only in scaled numerical/ordinal branch,property information assumed observable,include,Supplied dictionary meaning; preserve actual CSV names/category spellings.
Functional,Home functionality (Assume typical unless deductions are warranted),object,true ordinal,None documented,training-fold applicable median for unknowns,explicit documented rank; unknown indicator for categorical ordinals,StandardScaler only in scaled numerical/ordinal branch,property information assumed observable,include,Supplied dictionary meaning; preserve actual CSV names/category spellings. Order: Sal < Sev < Maj2 < Maj1 < Mod < Min2 < Min1 < Typ. Spacing is not equal economic value.
Fireplaces,Number of fireplaces,int64,count/capacity,None documented,training-fold median; applicability-aware where relevant,numeric,StandardScaler only in scaled numerical/ordinal branch,property information assumed observable,include,Supplied dictionary meaning; preserve actual CSV names/category spellings.
FireplaceQu,Fireplace quality,object,true ordinal,NoFireplace when zero count and no quality evidence,training-fold applicable median for unknowns,explicit documented rank; unknown indicator for categorical ordinals,StandardScaler only in scaled numerical/ordinal branch,property information assumed observable,include,Supplied dictionary meaning; preserve actual CSV names/category spellings. Order: Po < Fa < TA < Gd < Ex. Spacing is not equal economic value.
GarageType,Garage location,object,nominal categorical,NoGarage with zero area/cars and no descriptors; quantities zero; absent year neutral median placeholder,explicit Unknown category,one-hot; unseen category -> all-zero block,not scaled,property information assumed observable,include,Supplied dictionary meaning; preserve actual CSV names/category spellings.
GarageYrBlt,Year garage was built,object,year/date-related,NoGarage with zero area/cars and no descriptors; quantities zero; absent year neutral median placeholder,training-fold median; applicability-aware where relevant,numeric,StandardScaler only in scaled numerical/ordinal branch,property information assumed observable,include,"Supplied dictionary meaning; preserve actual CSV names/category spellings. Bounds 1800..2100; absent-year median is a placeholder, not observed year."
GarageFinish,Interior finish of the garage,object,true ordinal,NoGarage with zero area/cars and no descriptors; quantities zero; absent year neutral median placeholder,training-fold applicable median for unknowns,explicit documented rank; unknown indicator for categorical ordinals,StandardScaler only in scaled numerical/ordinal branch,property information assumed observable,include,Supplied dictionary meaning; preserve actual CSV names/category spellings. Order: Unf < RFn < Fin. Spacing is not equal economic value.
GarageCars,Size of garage in car capacity,int64,count/capacity,NoGarage with zero area/cars and no descriptors; quantities zero; absent year neutral median placeholder,training-fold median; applicability-aware where relevant,numeric,StandardScaler only in scaled numerical/ordinal branch,property information assumed observable,include,Supplied dictionary meaning; preserve actual CSV names/category spellings.
GarageArea,Size of garage in square feet,int64,numerical measurement,NoGarage with zero area/cars and no descriptors; quantities zero; absent year neutral median placeholder,training-fold median; applicability-aware where relevant,numeric,StandardScaler only in scaled numerical/ordinal branch,property information assumed observable,include,Supplied dictionary meaning; preserve actual CSV names/category spellings.
GarageQual,Garage quality,object,true ordinal,NoGarage with zero area/cars and no descriptors; quantities zero; absent year neutral median placeholder,training-fold applicable median for unknowns,explicit documented rank; unknown indicator for categorical ordinals,StandardScaler only in scaled numerical/ordinal branch,property information assumed observable,include,Supplied dictionary meaning; preserve actual CSV names/category spellings. Order: Po < Fa < TA < Gd < Ex. Spacing is not equal economic value.
GarageCond,Garage condition,object,true ordinal,NoGarage with zero area/cars and no descriptors; quantities zero; absent year neutral median placeholder,training-fold applicable median for unknowns,explicit documented rank; unknown indicator for categorical ordinals,StandardScaler only in scaled numerical/ordinal branch,property information assumed observable,include,Supplied dictionary meaning; preserve actual CSV names/category spellings. Order: Po < Fa < TA < Gd < Ex. Spacing is not equal economic value.
PavedDrive,Paved driveway,object,true ordinal,None documented,training-fold applicable median for unknowns,explicit documented rank; unknown indicator for categorical ordinals,StandardScaler only in scaled numerical/ordinal branch,property information assumed observable,include,Supplied dictionary meaning; preserve actual CSV names/category spellings. Order: N < P < Y. Spacing is not equal economic value.
WoodDeckSF,Wood deck area in square feet,int64,numerical measurement,None documented,training-fold median; applicability-aware where relevant,numeric,StandardScaler only in scaled numerical/ordinal branch,property information assumed observable,include,Supplied dictionary meaning; preserve actual CSV names/category spellings.
OpenPorchSF,Open porch area in square feet,int64,numerical measurement,None documented,training-fold median; applicability-aware where relevant,numeric,StandardScaler only in scaled numerical/ordinal branch,property information assumed observable,include,Supplied dictionary meaning; preserve actual CSV names/category spellings.
EnclosedPorch,Enclosed porch area in square feet,int64,numerical measurement,None documented,training-fold median; applicability-aware where relevant,numeric,StandardScaler only in scaled numerical/ordinal branch,property information assumed observable,include,Supplied dictionary meaning; preserve actual CSV names/category spellings.
3SsnPorch,Three season porch area in square feet,int64,numerical measurement,None documented,training-fold median; applicability-aware where relevant,numeric,StandardScaler only in scaled numerical/ordinal branch,property information assumed observable,include,Supplied dictionary meaning; preserve actual CSV names/category spellings. Member 2 dominance review; retain unless excluded by availability.
ScreenPorch,Screen porch area in square feet,int64,numerical measurement,None documented,training-fold median; applicability-aware where relevant,numeric,StandardScaler only in scaled numerical/ordinal branch,property information assumed observable,include,Supplied dictionary meaning; preserve actual CSV names/category spellings.
PoolArea,Pool area in square feet,int64,numerical measurement,None documented,training-fold median; applicability-aware where relevant,numeric,StandardScaler only in scaled numerical/ordinal branch,property information assumed observable,include,Supplied dictionary meaning; preserve actual CSV names/category spellings. Member 2 dominance review; retain unless excluded by availability.
PoolQC,Pool quality,object,true ordinal,NoPool only with zero area and no quality; positive area + NA -> unknown quality,training-fold applicable median for unknowns,explicit documented rank; unknown indicator for categorical ordinals,StandardScaler only in scaled numerical/ordinal branch,property information assumed observable,include,Supplied dictionary meaning; preserve actual CSV names/category spellings. Order: Fa < TA < Gd < Ex. Spacing is not equal economic value. Member 2 dominance review; retain unless excluded by availability.
Fence,Fence quality,object,nominal categorical,Literal NA -> explicit absence; genuinely blank -> Unknown,explicit Unknown category,one-hot; unseen category -> all-zero block,not scaled,property information assumed observable,include,Supplied dictionary meaning; preserve actual CSV names/category spellings.
MiscFeature,Miscellaneous feature not covered in other categories,object,nominal categorical,Literal NA -> explicit absence; genuinely blank -> Unknown,explicit Unknown category,one-hot; unseen category -> all-zero block,not scaled,property information assumed observable,include,Supplied dictionary meaning; preserve actual CSV names/category spellings. Member 2 dominance review; retain unless excluded by availability. Test 2550 MiscVal contradiction audit-only; excluded value cannot repair predictor.
MiscVal,$Value of miscellaneous feature,int64,numerical measurement,None documented,Audit-only; no imputation in the default preprocessor,excluded from prediction and cleaning,not processed,target/identifier or unestablished prediction availability,exclude,Supplied dictionary meaning; preserve actual CSV names/category spellings. Member 2 dominance review; retain unless excluded by availability.
MoSold,Month Sold (MM),int64,year/date-related,None documented,Audit-only; no imputation in the default preprocessor,excluded from prediction and cleaning,not processed,target/identifier or unestablished prediction availability,exclude,Supplied dictionary meaning; preserve actual CSV names/category spellings.
YrSold,Year Sold (YYYY),int64,year/date-related,None documented,Audit-only; no imputation in the default preprocessor,excluded from prediction and cleaning,not processed,target/identifier or unestablished prediction availability,exclude,Supplied dictionary meaning; preserve actual CSV names/category spellings.
SaleType,Type of sale,object,nominal categorical,None documented,Audit-only; no imputation in the default preprocessor,excluded from prediction and cleaning,not processed,target/identifier or unestablished prediction availability,exclude,Supplied dictionary meaning; preserve actual CSV names/category spellings.
SaleCondition,Condition of sale,object,nominal categorical,None documented,Audit-only; no imputation in the default preprocessor,excluded from prediction and cleaning,not processed,target/identifier or unestablished prediction availability,exclude,Supplied dictionary meaning; preserve actual CSV names/category spellings.
SalePrice,Observed property sale price in dollars,int64,target,None documented,must be present and finite,separate original-dollar y,not scaled,target/identifier or unestablished prediction availability,exclude,Supplied dictionary meaning; preserve actual CSV names/category spellings.
HasGarage,Supported garage existence,derived,binary,Presence 0 means absent only when Unknown flag is 0,Flags before imputation; aggregates after imputation,numeric,not scaled,available property inputs only,include,No target/excluded field; fixed indicators may be constant in the sample.
HasBasement,Supported basement existence,derived,binary,Presence 0 means absent only when Unknown flag is 0,Flags before imputation; aggregates after imputation,numeric,not scaled,available property inputs only,include,No target/excluded field; fixed indicators may be constant in the sample.
HasFireplace,Supported fireplace existence,derived,binary,Presence 0 means absent only when Unknown flag is 0,Flags before imputation; aggregates after imputation,numeric,not scaled,available property inputs only,include,No target/excluded field; fixed indicators may be constant in the sample.
HasPool,Supported pool existence,derived,binary,Presence 0 means absent only when Unknown flag is 0,Flags before imputation; aggregates after imputation,numeric,not scaled,available property inputs only,include,No target/excluded field; fixed indicators may be constant in the sample.
HasMasonryVeneer,Positive area or known veneer material,derived,binary,Presence 0 means absent only when Unknown flag is 0,Flags before imputation; aggregates after imputation,numeric,not scaled,available property inputs only,include,No target/excluded field; fixed indicators may be constant in the sample.
TotalIndoorAreaSF,GrLivArea + TotalBsmtSF (includes unfinished basement),derived,numerical measurement,Derived semantic rule,Flags before imputation; aggregates after imputation,numeric,StandardScaler in scaled configuration,available property inputs only,include,No target/excluded field; fixed indicators may be constant in the sample.
FinishedBasementSF,BsmtFinSF1 + BsmtFinSF2,derived,numerical measurement,Derived semantic rule,Flags before imputation; aggregates after imputation,numeric,StandardScaler in scaled configuration,available property inputs only,include,No target/excluded field; fixed indicators may be constant in the sample.
BathroomEquivalent,FullBath + BsmtFullBath + 0.5*(HalfBath + BsmtHalfBath),derived,numerical measurement,Derived semantic rule,Flags before imputation; aggregates after imputation,numeric,StandardScaler in scaled configuration,available property inputs only,include,No target/excluded field; fixed indicators may be constant in the sample.
TotalPorchSF,OpenPorchSF + EnclosedPorch + 3SsnPorch + ScreenPorch,derived,numerical measurement,Derived semantic rule,Flags before imputation; aggregates after imputation,numeric,StandardScaler in scaled configuration,available property inputs only,include,No target/excluded field; fixed indicators may be constant in the sample.
LotFrontageUnknown,Unknown-status indicator for LotFrontage,derived,binary,Derived semantic rule,Flags before imputation; aggregates after imputation,numeric,not scaled,available property inputs only,include,No target/excluded field; fixed indicators may be constant in the sample.
MasVnrAreaUnknown,Unknown-status indicator for MasVnrArea,derived,binary,Derived semantic rule,Flags before imputation; aggregates after imputation,numeric,not scaled,available property inputs only,include,No target/excluded field; fixed indicators may be constant in the sample.
GarageYrBltUnknown,Unknown-status indicator for GarageYrBlt,derived,binary,Derived semantic rule,Flags before imputation; aggregates after imputation,numeric,not scaled,available property inputs only,include,No target/excluded field; fixed indicators may be constant in the sample.
GarageCarsUnknown,Unknown-status indicator for GarageCars,derived,binary,Derived semantic rule,Flags before imputation; aggregates after imputation,numeric,not scaled,available property inputs only,include,No target/excluded field; fixed indicators may be constant in the sample.
GarageAreaUnknown,Unknown-status indicator for GarageArea,derived,binary,Derived semantic rule,Flags before imputation; aggregates after imputation,numeric,not scaled,available property inputs only,include,No target/excluded field; fixed indicators may be constant in the sample.
BsmtFinSF1Unknown,Unknown-status indicator for BsmtFinSF1,derived,binary,Derived semantic rule,Flags before imputation; aggregates after imputation,numeric,not scaled,available property inputs only,include,No target/excluded field; fixed indicators may be constant in the sample.
BsmtFinSF2Unknown,Unknown-status indicator for BsmtFinSF2,derived,binary,Derived semantic rule,Flags before imputation; aggregates after imputation,numeric,not scaled,available property inputs only,include,No target/excluded field; fixed indicators may be constant in the sample.
BsmtUnfSFUnknown,Unknown-status indicator for BsmtUnfSF,derived,binary,Derived semantic rule,Flags before imputation; aggregates after imputation,numeric,not scaled,available property inputs only,include,No target/excluded field; fixed indicators may be constant in the sample.
TotalBsmtSFUnknown,Unknown-status indicator for TotalBsmtSF,derived,binary,Derived semantic rule,Flags before imputation; aggregates after imputation,numeric,not scaled,available property inputs only,include,No target/excluded field; fixed indicators may be constant in the sample.
BsmtFullBathUnknown,Unknown-status indicator for BsmtFullBath,derived,binary,Derived semantic rule,Flags before imputation; aggregates after imputation,numeric,not scaled,available property inputs only,include,No target/excluded field; fixed indicators may be constant in the sample.
BsmtHalfBathUnknown,Unknown-status indicator for BsmtHalfBath,derived,binary,Derived semantic rule,Flags before imputation; aggregates after imputation,numeric,not scaled,available property inputs only,include,No target/excluded field; fixed indicators may be constant in the sample.
YearBuiltUnknown,Unknown-status indicator for YearBuilt,derived,binary,Derived semantic rule,Flags before imputation; aggregates after imputation,numeric,not scaled,available property inputs only,include,No target/excluded field; fixed indicators may be constant in the sample.
YearRemodAddUnknown,Unknown-status indicator for YearRemodAdd,derived,binary,Derived semantic rule,Flags before imputation; aggregates after imputation,numeric,not scaled,available property inputs only,include,No target/excluded field; fixed indicators may be constant in the sample.
ExterQualUnknown,Unknown-status indicator for ExterQual,derived,binary,Derived semantic rule,Flags before imputation; aggregates after imputation,numeric,not scaled,available property inputs only,include,No target/excluded field; fixed indicators may be constant in the sample.
ExterCondUnknown,Unknown-status indicator for ExterCond,derived,binary,Derived semantic rule,Flags before imputation; aggregates after imputation,numeric,not scaled,available property inputs only,include,No target/excluded field; fixed indicators may be constant in the sample.
BsmtQualUnknown,Unknown-status indicator for BsmtQual,derived,binary,Derived semantic rule,Flags before imputation; aggregates after imputation,numeric,not scaled,available property inputs only,include,No target/excluded field; fixed indicators may be constant in the sample.
BsmtCondUnknown,Unknown-status indicator for BsmtCond,derived,binary,Derived semantic rule,Flags before imputation; aggregates after imputation,numeric,not scaled,available property inputs only,include,No target/excluded field; fixed indicators may be constant in the sample.
HeatingQCUnknown,Unknown-status indicator for HeatingQC,derived,binary,Derived semantic rule,Flags before imputation; aggregates after imputation,numeric,not scaled,available property inputs only,include,No target/excluded field; fixed indicators may be constant in the sample.
KitchenQualUnknown,Unknown-status indicator for KitchenQual,derived,binary,Derived semantic rule,Flags before imputation; aggregates after imputation,numeric,not scaled,available property inputs only,include,No target/excluded field; fixed indicators may be constant in the sample.
FireplaceQuUnknown,Unknown-status indicator for FireplaceQu,derived,binary,Derived semantic rule,Flags before imputation; aggregates after imputation,numeric,not scaled,available property inputs only,include,No target/excluded field; fixed indicators may be constant in the sample.
GarageQualUnknown,Unknown-status indicator for GarageQual,derived,binary,Derived semantic rule,Flags before imputation; aggregates after imputation,numeric,not scaled,available property inputs only,include,No target/excluded field; fixed indicators may be constant in the sample.
GarageCondUnknown,Unknown-status indicator for GarageCond,derived,binary,Derived semantic rule,Flags before imputation; aggregates after imputation,numeric,not scaled,available property inputs only,include,No target/excluded field; fixed indicators may be constant in the sample.
PoolQCUnknown,Unknown-status indicator for PoolQC,derived,binary,Derived semantic rule,Flags before imputation; aggregates after imputation,numeric,not scaled,available property inputs only,include,No target/excluded field; fixed indicators may be constant in the sample.
BsmtExposureUnknown,Unknown-status indicator for BsmtExposure,derived,binary,Derived semantic rule,Flags before imputation; aggregates after imputation,numeric,not scaled,available property inputs only,include,No target/excluded field; fixed indicators may be constant in the sample.
GarageFinishUnknown,Unknown-status indicator for GarageFinish,derived,binary,Derived semantic rule,Flags before imputation; aggregates after imputation,numeric,not scaled,available property inputs only,include,No target/excluded field; fixed indicators may be constant in the sample.
FunctionalUnknown,Unknown-status indicator for Functional,derived,binary,Derived semantic rule,Flags before imputation; aggregates after imputation,numeric,not scaled,available property inputs only,include,No target/excluded field; fixed indicators may be constant in the sample.
LotShapeUnknown,Unknown-status indicator for LotShape,derived,binary,Derived semantic rule,Flags before imputation; aggregates after imputation,numeric,not scaled,available property inputs only,include,No target/excluded field; fixed indicators may be constant in the sample.
LandSlopeUnknown,Unknown-status indicator for LandSlope,derived,binary,Derived semantic rule,Flags before imputation; aggregates after imputation,numeric,not scaled,available property inputs only,include,No target/excluded field; fixed indicators may be constant in the sample.
UtilitiesUnknown,Unknown-status indicator for Utilities,derived,binary,Derived semantic rule,Flags before imputation; aggregates after imputation,numeric,not scaled,available property inputs only,include,No target/excluded field; fixed indicators may be constant in the sample.
PavedDriveUnknown,Unknown-status indicator for PavedDrive,derived,binary,Derived semantic rule,Flags before imputation; aggregates after imputation,numeric,not scaled,available property inputs only,include,No target/excluded field; fixed indicators may be constant in the sample.
MSZoningUnknown,Unknown-status indicator for MSZoning,derived,binary,Derived semantic rule,Flags before imputation; aggregates after imputation,numeric,not scaled,available property inputs only,include,No target/excluded field; fixed indicators may be constant in the sample.
ElectricalUnknown,Unknown-status indicator for Electrical,derived,binary,Derived semantic rule,Flags before imputation; aggregates after imputation,numeric,not scaled,available property inputs only,include,No target/excluded field; fixed indicators may be constant in the sample.
Exterior1stUnknown,Unknown-status indicator for Exterior1st,derived,binary,Derived semantic rule,Flags before imputation; aggregates after imputation,numeric,not scaled,available property inputs only,include,No target/excluded field; fixed indicators may be constant in the sample.
Exterior2ndUnknown,Unknown-status indicator for Exterior2nd,derived,binary,Derived semantic rule,Flags before imputation; aggregates after imputation,numeric,not scaled,available property inputs only,include,No target/excluded field; fixed indicators may be constant in the sample.
MasVnrTypeUnknown,Unknown-status indicator for MasVnrType,derived,binary,Derived semantic rule,Flags before imputation; aggregates after imputation,numeric,not scaled,available property inputs only,include,No target/excluded field; fixed indicators may be constant in the sample.
GarageTypeUnknown,Unknown-status indicator for GarageType,derived,binary,Derived semantic rule,Flags before imputation; aggregates after imputation,numeric,not scaled,available property inputs only,include,No target/excluded field; fixed indicators may be constant in the sample.
MiscFeatureUnknown,Unknown-status indicator for MiscFeature,derived,binary,Derived semantic rule,Flags before imputation; aggregates after imputation,numeric,not scaled,available property inputs only,include,No target/excluded field; fixed indicators may be constant in the sample.
BsmtFinType1Unknown,Unknown-status indicator for BsmtFinType1,derived,binary,Derived semantic rule,Flags before imputation; aggregates after imputation,numeric,not scaled,available property inputs only,include,No target/excluded field; fixed indicators may be constant in the sample.
BsmtFinType2Unknown,Unknown-status indicator for BsmtFinType2,derived,binary,Derived semantic rule,Flags before imputation; aggregates after imputation,numeric,not scaled,available property inputs only,include,No target/excluded field; fixed indicators may be constant in the sample.
HasGarageUnknown,Unknown-status indicator for HasGarage,derived,binary,Derived semantic rule,Flags before imputation; aggregates after imputation,numeric,not scaled,available property inputs only,include,No target/excluded field; fixed indicators may be constant in the sample.
HasBasementUnknown,Unknown-status indicator for HasBasement,derived,binary,Derived semantic rule,Flags before imputation; aggregates after imputation,numeric,not scaled,available property inputs only,include,No target/excluded field; fixed indicators may be constant in the sample.
HasFireplaceUnknown,Unknown-status indicator for HasFireplace,derived,binary,Derived semantic rule,Flags before imputation; aggregates after imputation,numeric,not scaled,available property inputs only,include,No target/excluded field; fixed indicators may be constant in the sample.
HasPoolUnknown,Unknown-status indicator for HasPool,derived,binary,Derived semantic rule,Flags before imputation; aggregates after imputation,numeric,not scaled,available property inputs only,include,No target/excluded field; fixed indicators may be constant in the sample.
HasMasonryVeneerUnknown,Unknown-status indicator for HasMasonryVeneer,derived,binary,Derived semantic rule,Flags before imputation; aggregates after imputation,numeric,not scaled,available property inputs only,include,No target/excluded field; fixed indicators may be constant in the sample.
GarageConflict,Property consistency flag: GarageConflict,derived,binary,Derived semantic rule,Flags before imputation; aggregates after imputation,numeric,not scaled,available property inputs only,include,No target/excluded field; fixed indicators may be constant in the sample.
BasementConflict,Property consistency flag: BasementConflict,derived,binary,Derived semantic rule,Flags before imputation; aggregates after imputation,numeric,not scaled,available property inputs only,include,No target/excluded field; fixed indicators may be constant in the sample.
FireplaceConflict,Property consistency flag: FireplaceConflict,derived,binary,Derived semantic rule,Flags before imputation; aggregates after imputation,numeric,not scaled,available property inputs only,include,No target/excluded field; fixed indicators may be constant in the sample.
PoolConflict,Property consistency flag: PoolConflict,derived,binary,Derived semantic rule,Flags before imputation; aggregates after imputation,numeric,not scaled,available property inputs only,include,No target/excluded field; fixed indicators may be constant in the sample.
MasonryConflict,Property consistency flag: MasonryConflict,derived,binary,Derived semantic rule,Flags before imputation; aggregates after imputation,numeric,not scaled,available property inputs only,include,No target/excluded field; fixed indicators may be constant in the sample.
InvalidYear,Property consistency flag: InvalidYear,derived,binary,Derived semantic rule,Flags before imputation; aggregates after imputation,numeric,not scaled,available property inputs only,include,No target/excluded field; fixed indicators may be constant in the sample.
RemodelBeforeBuilt,Property consistency flag: RemodelBeforeBuilt,derived,binary,Derived semantic rule,Flags before imputation; aggregates after imputation,numeric,not scaled,available property inputs only,include,No target/excluded field; fixed indicators may be constant in the sample.
CentralAirUnknown,Unknown-status indicator for CentralAir,derived,binary,Derived semantic rule,Flags before imputation; aggregates after imputation,numeric,not scaled,available property inputs only,include,No target/excluded field; fixed indicators may be constant in the sample.
