Decision_ID,Area,Feature_or_Group,Issue,Evidence,Decision,Alternative_Considered,Reason,Leakage_Risk,Status
M3-01,Parsing,All raw columns; MasVnrType,Valid category merged with unknown,864 None + 8 NA in raw training masonry; dictionary lists None,Preserve None and NA; only blank cells missing at load,Default NA parser,Retains raw evidence and semantic distinctions,No target used; learned statistics fitted only on supplied training-fold rows.,Implemented
M3-02,Input contract,Id; SalePrice,Identifier and target are not predictors,Member 1 property-level supervised regression,Separate IDs and original-dollar y; explicit property allowlist,Use every numeric column,Prevents identifier learning and direct target leakage,No target used; learned statistics fitted only on supplied training-fold rows.,Implemented
M3-03,Input contract,SaleType; SaleCondition; YrSold; MoSold; MiscVal,Availability before listing unestablished,Member 1 pre-listing objective; dictionary transaction descriptions,Exclude from prediction and cleaning logic; retain audit access,Include all CSV columns,"Availability decision, not a claim of weak association",No target used; learned statistics fitted only on supplied training-fold rows.,Implemented
M3-04,Missingness,Garage fields,Absent versus existing garage with unknown measurements,81 absent training garages; test 2127/2577 have Detchd and unknown fields,NoGarage and zero area/cars only on supported absence; otherwise Unknown or applicable medians,Fill every garage gap with zero,Do not erase existing garages,No target used; learned statistics fitted only on supplied training-fold rows.,Implemented
M3-05,Missingness,GarageYrBlt,Absent year versus unknown/invalid year,test 2593 year 2207; test 2127/2577 missing,Bounds 1800..2100; invalid unknown; absent garage gets neutral training median plus HasGarage=0,Guess 2007 or use year zero,Placeholder is not an observed construction date,No target used; learned statistics fitted only on supplied training-fold rows.,Implemented
M3-06,Missingness,Basement categories,Individual NA descriptor with real basement,train 333 missing BsmtFinType2 despite 479 SF; 949 missing exposure despite 936 SF,NoBasement only with zero total and no positive/descriptor evidence; otherwise Unknown,All NA -> NoBasement,No exposure differs from absence and unknown,No target used; learned statistics fitted only on supplied training-fold rows.,Implemented
M3-07,Missingness,Basement quantities,Entire block unknown versus supported absence,test 2121 entire block missing; 2189 zero areas and missing bathrooms,2121 unknown status and applicable medians; 2189 bathrooms zero; rebuild missing total from filled components,Assume entire block absent,Conservative uncertainty where no observed size supports absence,No target used; learned statistics fitted only on supplied training-fold rows.,Implemented
M3-08,Reconstruction,Basement area components/total,Missing value can be uniquely recoverable,Complete raw rows satisfy total=sum(components),Recover total if all parts known; one missing part if nonnegative arithmetic remainder,Always median impute,Uses only observed row information,No target used; learned statistics fitted only on supplied training-fold rows.,Implemented
M3-09,Missingness,FireplaceQu; PoolQC,Unknown quality of existing amenity,Fireplace gaps align with zero; positive pools 2421/2504/2600 lack quality,Presence flags; absence rank 0; unknown quality applicable median plus flag,All NA -> absence,Preserves amenities with unknown description,No target used; learned statistics fitted only on supplied training-fold rows.,Implemented
M3-10,Missingness,Alley; Fence; MiscFeature,NA token means absence; blank unknown,Dictionary; test 2550 MiscFeature NA with positive MiscVal,Explicit absence for literal NA; blank Unknown; MiscVal contradiction audit-only,Use excluded MiscVal to repair feature,No indirect dependence on excluded value; contradiction remains documented,No target used; learned statistics fitted only on supplied training-fold rows.,Implemented
M3-11,Missingness,MasVnrType; MasVnrArea,Inconsistent type and area,Five train and two test None-with-positive-area rows; eight train missing pairs,Retain area; conflicting None material Unknown; presence/conflict flags; applicable area median,Force unknown area to zero,Do not invent material or discard observed area,No target used; learned statistics fitted only on supplied training-fold rows.,Implemented
M3-12,Missingness,LotFrontage,Genuinely unknown measurement,259 training and 227 test gaps,Training median plus unknown indicator,Neighborhood medians,Simple robust default without unsupported subgroup complexity,No target used; learned statistics fitted only on supplied training-fold rows.,Implemented
M3-13,Encoding,Nominal fields; MSSubClass,No meaningful numerical distance,Dictionary dwelling classes; test-only class 150,One-hot handle_unknown=ignore; canonical class strings,Ordinal integer labels or train+test vocabularies,No arbitrary ranking; safely handles unseen categories,No target used; learned statistics fitted only on supplied training-fold rows.,Implemented
M3-14,Encoding,Ordinal fields,Documented ordering without economic spacing,Dictionary quality/finish/exposure/function/shape/slope/utilities/paving levels,Explicit ranks; absence 0; unknown median plus indicator,Alphabetical ranking,Physical or quality order does not mean equal economic value,No target used; learned statistics fitted only on supplied training-fold rows.,Implemented
M3-15,Imputation,Retained numerical and ordinal columns,Statistics must not see validation/test,Assignment leakage requirement; structural zeros,Fold-local medians excluding inapplicable rows; no-observation fallback warns (0 or year 1900),Combined-data imputation,Only fit rows define learned state; flags preserve uncertainty,No target used; learned statistics fitted only on supplied training-fold rows.,Implemented
M3-16,Engineering,Five presence flags; four aggregates,Interpretable property capacity,Member 2 size/capacity evidence; dictionary components,Small fixed target-free set; see schema formulas,Large interaction/ratio expansion,Interpretable information with no performance-driven selection,No target used; learned statistics fitted only on supplied training-fold rows.,Implemented
M3-17,Feature review,Utilities; Street; Condition2; RoofMatl; Heating; other dominant fields,Rare values may still matter,Member 2 dominance >=95%; Utilities 1459/1460 AllPub,Retain default property features and fixed unknown flags,Drop all dominant features,Dominance alone does not establish irrelevance,No target used; learned statistics fitted only on supplied training-fold rows.,Implemented
M3-18,Redundancy,Area totals/components; full one-hot blocks,Exact linear dependencies,Verified floor/basement identities; aggregate formulas,Retain transparent representation; document rank limitation for Member 4,Silently delete core source fields,No target-driven selection or assumed estimator,No target used; learned statistics fitted only on supplied training-fold rows.,Implemented with documented limitation
M3-19,Outliers,GrLivArea,Unusually large low-priced houses,Ids 524/1299; both New and Partial,Retain all rows; audit transaction context only,Delete by area or price threshold,Unusual observation is not proven error,No target used; learned statistics fitted only on supplied training-fold rows.,Implemented
M3-20,Dates,YearBuilt; YearRemodAdd; GarageYrBlt,Invalid/inconsistent chronology,2207 garage year; remodel before build; years after sale,Property-only plausibility checks; invalid/remodel-before-build unknown with flags; sale chronology audit-only,Repair using excluded YrSold or clip ages,No hidden sale-field dependence; no ages without valuation date,No target used; learned statistics fitted only on supplied training-fold rows.,Implemented
M3-21,Transforms,LotArea; LotFrontage; GrLivArea; MasVnrArea; TotalIndoorAreaSF,Skewed size measurements,Focused training LotArea skew about 12.21; Member 2 evidence,Optional fixed log1p list; default OFF,Search transformations using model scores,Explicit representation option without predictive claims,No target used; learned statistics fitted only on supplied training-fold rows.,Implemented
M3-22,Scaling,Numerical/ordinal branches,Estimator representation needs differ,Assignment scaling requirement,Unscaled and scaled factory; one-hot/binary never scaled,Scale everything,Shared semantic rules with optional StandardScaler,No target used; learned statistics fitted only on supplied training-fold rows.,Implemented
M3-23,Target,SalePrice,Right-skewed target,Member 2 histogram/statistics,Preserve dollars; optional log1p target belongs to Member 4,Implicit y transformation,Target handling explicit and separate,No target used; learned statistics fitted only on supplied training-fold rows.,Implemented
M3-24,Duplicates,Raw predictor records,Cross-file feature matches,194 matches 2866; 830 matches 2714; none within files,Audit only; no deletion or label copying,Drop matches or transfer prices,Same features do not prove same property,No target used; learned statistics fitted only on supplied training-fold rows.,Implemented
M3-25,Reproducibility,Factory; verification split; output policy,Full-data fitted features leak into later CV,.gitignore ignores processed artifacts; Member 4 owns validation,Unfitted factory for leakage-safe CV; separate full-training unscaled CSV export for group-required inspection/handover/final-fit/demo; regenerate ignored metadata; no fitted-object export,Full-data matrix for CV,Each training fold fits its own preprocessing,No target used; learned statistics fitted only on supplied training-fold rows.,Implemented
